batch_order,slug,title,cms_input_at,publish_date,status,blog_post_id,blog_url,cms_scheduled_at_utc,publish_time_cairo
1,how-to-check-if-a-page-is-indexed-by-google,How To Check If A Page Is Indexed By Google,2026-06-22T09:00:00Z,2026-06-22,scheduled,7223,https://blog.freeindexer.com/how-to-check-if-a-page-is-indexed-by-google,2026-06-22T06:00:00Z,2026-06-22T09:00:00+0300
2,url-is-not-on-google-search-console,"How To Fix ""URL Is Not On Google"" In Search Console",2026-06-23T09:00:00Z,2026-06-23,scheduled,7224,https://blog.freeindexer.com/url-is-not-on-google-search-console,2026-06-23T06:00:00Z,2026-06-23T09:00:00+0300
3,page-with-redirect-search-console,"How To Handle ""Page With Redirect"" In Search Console",2026-06-24T09:00:00Z,2026-06-24,scheduled,7225,https://blog.freeindexer.com/page-with-redirect-search-console,2026-06-24T06:00:00Z,2026-06-24T09:00:00+0300
4,excluded-by-noindex-tag-fix,"How To Fix ""Excluded By Noindex Tag""",2026-06-25T09:00:00Z,2026-06-25,scheduled,7226,https://blog.freeindexer.com/excluded-by-noindex-tag-fix,2026-06-25T06:00:00Z,2026-06-25T09:00:00+0300
5,duplicate-without-user-selected-canonical,"How To Fix ""Duplicate Without User-Selected Canonical""",2026-06-26T09:00:00Z,2026-06-26,scheduled,7227,https://blog.freeindexer.com/duplicate-without-user-selected-canonical,2026-06-26T06:00:00Z,2026-06-26T09:00:00+0300
6,soft-404-indexing-issues,Soft 404 Indexing Issues: Diagnosis And Fixes,2026-06-27T09:00:00Z,2026-06-27,scheduled,7228,https://blog.freeindexer.com/soft-404-indexing-issues,2026-06-27T06:00:00Z,2026-06-27T09:00:00+0300
7,blocked-due-to-access-forbidden-403,"How To Fix ""Blocked Due To Access Forbidden (403)""",2026-06-28T09:00:00Z,2026-06-28,scheduled,7229,https://blog.freeindexer.com/blocked-due-to-access-forbidden-403,2026-06-28T06:00:00Z,2026-06-28T09:00:00+0300
8,server-error-5xx-indexing,Server Error 5xx And Indexing: Recovery Workflow,2026-06-29T09:00:00Z,2026-06-29,scheduled,7230,https://blog.freeindexer.com/server-error-5xx-indexing,2026-06-29T06:00:00Z,2026-06-29T09:00:00+0300
9,sitemap-zero-discovered-urls,Sitemap Shows Zero Discovered URLs: What To Check,2026-06-30T09:00:00Z,2026-06-30,scheduled,7231,https://blog.freeindexer.com/sitemap-zero-discovered-urls,2026-06-30T06:00:00Z,2026-06-30T09:00:00+0300
10,xml-sitemap-lastmod-indexing,XML Sitemap Lastmod And Indexing: Practical Rules,2026-07-01T09:00:00Z,2026-07-01,scheduled,7232,https://blog.freeindexer.com/xml-sitemap-lastmod-indexing,2026-07-01T06:00:00Z,2026-07-01T09:00:00+0300
11,new-page-internal-linking-checklist,Internal Linking Checklist For A New Page,2026-07-02T09:00:00Z,2026-07-02,scheduled,7233,https://blog.freeindexer.com/new-page-internal-linking-checklist,2026-07-02T06:00:00Z,2026-07-02T09:00:00+0300
12,orphan-page-audit-with-search-console,How To Run An Orphan Page Audit With Search Console,2026-07-03T09:00:00Z,2026-07-03,scheduled,7234,https://blog.freeindexer.com/orphan-page-audit-with-search-console,2026-07-03T06:00:00Z,2026-07-03T09:00:00+0300
13,indexation-rate-calculation,How To Calculate Indexation Rate Without Misleading Reports,2026-07-04T09:00:00Z,2026-07-04,scheduled,7235,https://blog.freeindexer.com/indexation-rate-calculation,2026-07-04T06:00:00Z,2026-07-04T09:00:00+0300
14,bulk-indexing-monitoring-workflow,Bulk Indexing Monitoring Workflow For SEO Teams,2026-07-05T09:00:00Z,2026-07-05,scheduled,7236,https://blog.freeindexer.com/bulk-indexing-monitoring-workflow,2026-07-05T06:00:00Z,2026-07-05T09:00:00+0300
15,backlink-indexing-checker-workflow,Backlink Indexing Checker Workflow: What To Verify,2026-07-06T09:00:00Z,2026-07-06,scheduled,7237,https://blog.freeindexer.com/backlink-indexing-checker-workflow,2026-07-06T06:00:00Z,2026-07-06T09:00:00+0300
16,backlinks-not-showing-in-search-console,Why Backlinks Are Not Showing In Search Console,2026-07-07T09:00:00Z,2026-07-07,scheduled,7238,https://blog.freeindexer.com/backlinks-not-showing-in-search-console,2026-07-07T06:00:00Z,2026-07-07T09:00:00+0300
17,how-long-backlinks-take-to-be-discovered,How Long Do Backlinks Take To Be Discovered?,2026-07-08T09:00:00Z,2026-07-08,scheduled,7239,https://blog.freeindexer.com/how-long-backlinks-take-to-be-discovered,2026-07-08T06:00:00Z,2026-07-08T09:00:00+0300
18,tiered-link-indexing-risks,Tiered Link Indexing Risks And Safer Alternatives,2026-07-09T09:00:00Z,2026-07-09,scheduled,7240,https://blog.freeindexer.com/tiered-link-indexing-risks,2026-07-09T06:00:00Z,2026-07-09T09:00:00+0300
19,404-vs-410-for-indexing,404 vs 410 For Indexing: Which Status Should You Use?,2026-07-10T09:00:00Z,2026-07-10,scheduled,7241,https://blog.freeindexer.com/404-vs-410-for-indexing,2026-07-10T06:00:00Z,2026-07-10T09:00:00+0300
20,javascript-seo-indexing-checklist,JavaScript SEO Indexing Checklist,2026-07-11T09:00:00Z,2026-07-11,scheduled,7242,https://blog.freeindexer.com/javascript-seo-indexing-checklist,2026-07-11T06:00:00Z,2026-07-11T09:00:00+0300
21,faceted-navigation-indexing-guide,Faceted Navigation Indexing Guide For Ecommerce,2026-07-12T09:00:00Z,2026-07-12,scheduled,7243,https://blog.freeindexer.com/faceted-navigation-indexing-guide,2026-07-12T06:00:00Z,2026-07-12T09:00:00+0300
22,pagination-indexing-for-ecommerce,Pagination And Indexing For Ecommerce Category Pages,2026-07-13T09:00:00Z,2026-07-13,scheduled,7244,https://blog.freeindexer.com/pagination-indexing-for-ecommerce,2026-07-13T06:00:00Z,2026-07-13T09:00:00+0300
23,hreflang-indexing-checklist,Hreflang And Indexing Checklist For Multilingual Sites,2026-07-14T09:00:00Z,2026-07-14,scheduled,7245,https://blog.freeindexer.com/hreflang-indexing-checklist,2026-07-14T06:00:00Z,2026-07-14T09:00:00+0300
24,staging-site-noindex-launch-checklist,Staging Site Noindex Removal Launch Checklist,2026-07-15T09:00:00Z,2026-07-15,scheduled,7246,https://blog.freeindexer.com/staging-site-noindex-launch-checklist,2026-07-15T06:00:00Z,2026-07-15T09:00:00+0300
25,site-migration-indexing-checklist,Site Migration Indexing Checklist,2026-07-16T09:00:00Z,2026-07-16,scheduled,7247,https://blog.freeindexer.com/site-migration-indexing-checklist,2026-07-16T06:00:00Z,2026-07-16T09:00:00+0300
26,domain-change-indexing-recovery,Domain Change Indexing Recovery Workflow,2026-07-17T09:00:00Z,2026-07-17,scheduled,7248,https://blog.freeindexer.com/domain-change-indexing-recovery,2026-07-17T06:00:00Z,2026-07-17T09:00:00+0300
27,news-article-indexing-workflow,News Article Indexing Workflow For Fast Publishing Teams,2026-07-18T09:00:00Z,2026-07-18,scheduled,7249,https://blog.freeindexer.com/news-article-indexing-workflow,2026-07-18T06:00:00Z,2026-07-18T09:00:00+0300
28,seasonal-page-indexing-strategy,"Seasonal Page Indexing Strategy: Reuse, Refresh, Or Replace?",2026-07-19T09:00:00Z,2026-07-19,scheduled,7250,https://blog.freeindexer.com/seasonal-page-indexing-strategy,2026-07-19T06:00:00Z,2026-07-19T09:00:00+0300
29,url-indexing-campaign-setup,How To Set Up A URL Indexing Campaign,2026-07-20T09:00:00Z,2026-07-20,scheduled,7251,https://blog.freeindexer.com/url-indexing-campaign-setup,2026-07-20T06:00:00Z,2026-07-20T09:00:00+0300
30,freeindexer-first-campaign-guide,FreeIndexer First Campaign Guide,2026-07-21T09:00:00Z,2026-07-21,scheduled,7252,https://blog.freeindexer.com/freeindexer-first-campaign-guide,2026-07-21T06:00:00Z,2026-07-21T09:00:00+0300
